label,best_threshold,validation_f1,support
gratitude,0.45,0.9137931034482759,358
amusement,0.45,0.8019169329073482,303
love,0.2,0.7848537005163512,252
remorse,0.2,0.7612903225806451,68
admiration,0.35000000000000003,0.7433460076045627,488
neutral,0.2,0.6860382707299787,1766
pride,0.1,0.6666666666666666,15
fear,0.25,0.6588235294117647,90
optimism,0.30000000000000004,0.6059113300492611,209
joy,0.35000000000000003,0.5932721712538226,172
curiosity,0.25,0.5585023400936038,248
embarrassment,0.4,0.5517241379310345,35
surprise,0.2,0.5498281786941581,129
sadness,0.55,0.5490196078431373,143
desire,0.5,0.544,77
disgust,0.30000000000000004,0.5154639175257731,97
caring,0.45,0.5151515151515151,153
anger,0.30000000000000004,0.5069767441860465,195
nervousness,0.2,0.47058823529411764,21
confusion,0.25,0.45569620253164556,152
disapproval,0.2,0.43004418262150224,292
approval,0.25,0.40414507772020725,397
annoyance,0.15000000000000002,0.38924731182795697,303
disappointment,0.2,0.3573487031700288,163
excitement,0.25,0.3541666666666667,96
realization,0.25,0.2916666666666667,127
relief,0.05,0.16326530612244897,18
grief,0.05,0.0,13
