label,train_support,val_support,test_support
neutral,14219,1766,1787
admiration,4130,488,504
approval,2939,397,351
gratitude,2662,358,352
annoyance,2470,303,320
amusement,2328,303,264
curiosity,2191,248,284
love,2086,252,238
disapproval,2022,292,267
optimism,1581,209,186
anger,1567,195,198
joy,1452,172,161
confusion,1368,152,153
sadness,1326,143,156
disappointment,1269,163,151
realization,1110,127,145
caring,1087,153,135
surprise,1060,129,141
excitement,853,96,103
disgust,793,97,123
desire,641,77,83
fear,596,90,78
remorse,545,68,56
embarrassment,303,35,37
nervousness,164,21,23
relief,153,18,11
pride,111,15,16
grief,77,13,6
