label,support_tfidf,precision_tfidf,recall_tfidf,f1_tfidf,support_distilbert,precision_distilbert,recall_distilbert,f1_distilbert,support,precision_difference,recall_difference,f1_difference,relative_f1_change_percent
curiosity,284,0.3529411764705882,0.4647887323943662,0.4012158054711246,284,0.4551422319474836,0.7323943661971831,0.5614035087719298,284,0.1022010554768954,0.26760563380281693,0.16018770330080517,39.925571504518864
disapproval,267,0.2328519855595668,0.4831460674157303,0.3142509135200974,267,0.3660714285714285,0.4606741573033708,0.4079601990049751,267,0.1332194430118617,-0.022471910112359494,0.09370928548487772,29.819892784141327
approval,351,0.2440366972477064,0.3789173789173789,0.296875,351,0.3004694835680751,0.5470085470085471,0.3878787878787879,351,0.056432786320368716,0.16809116809116814,0.09100378787878788,30.65390749601276
admiration,504,0.5758564437194127,0.7003968253968254,0.6320501342882722,504,0.648424543946932,0.7757936507936508,0.7064137308039747,504,0.07256810022751936,0.07539682539682546,0.07436359651570257,11.765458542215264
anger,198,0.3920704845814978,0.4494949494949495,0.4188235294117647,198,0.445414847161572,0.5151515151515151,0.477751756440281,198,0.05334436258007419,0.06565656565656564,0.0589282270285163,14.069941846696308
annoyance,320,0.1913929784824462,0.528125,0.2809642560266002,320,0.3884297520661157,0.29375,0.3345195729537366,320,0.19703677358366947,-0.23437499999999994,0.05355531692713639,19.06125629093049
neutral,1787,0.5317518248175183,0.8153329602686066,0.6436933951844489,1787,0.59688013136289,0.8136541689983212,0.6886099928960455,1787,0.06512830654537172,-0.0016787912702853625,0.04491659771159662,6.977949136595672
love,238,0.7180451127819549,0.8025210084033614,0.7579365079365079,238,0.7738095238095238,0.819327731092437,0.7959183673469388,238,0.055764411027568905,0.01680672268907557,0.03798185941043086,5.011219147344805
amusement,264,0.7246835443037974,0.8674242424242424,0.7896551724137931,264,0.7400611620795107,0.9166666666666666,0.8189509306260575,264,0.015377617775713226,0.0492424242424242,0.029295758212264378,3.70994317971907
gratitude,352,0.9181286549707602,0.8920454545454546,0.904899135446686,352,0.9325513196480938,0.9034090909090908,0.9177489177489178,352,0.014422664677333552,0.011363636363636243,0.012849782302231771,1.4200237130173325
optimism,186,0.5454545454545454,0.5806451612903226,0.5625,186,0.5302325581395348,0.6129032258064516,0.5685785536159601,186,-0.015221987315010566,0.032258064516129004,0.006078553615960103,1.0806317539484627
